﻿<?xml version="1.0" encoding="utf-8"?>
<topics>
  <topic id="R:Project" />
  <topic id="N:Microsoft.WebSolutionsPlatform.Common" />
  <topic id="T:Microsoft.WebSolutionsPlatform.Common.SharedQueue" />
  <topic id="Overload:Microsoft.WebSolutionsPlatform.Common.SharedQueue.#ctor" />
  <topic id="Overload:Microsoft.WebSolutionsPlatform.Common.SharedQueue.Dispose" />
  <topic id="M:Microsoft.WebSolutionsPlatform.Common.SharedQueue.#ctor(System.String,System.UInt32)" />
  <topic id="M:Microsoft.WebSolutionsPlatform.Common.SharedQueue.#ctor(System.String,System.UInt32,System.UInt32)" />
  <topic id="M:Microsoft.WebSolutionsPlatform.Common.SharedQueue.Dequeue(System.UInt32)" />
  <topic id="M:Microsoft.WebSolutionsPlatform.Common.SharedQueue.Dispose" />
  <topic id="M:Microsoft.WebSolutionsPlatform.Common.SharedQueue.Dispose(System.Boolean)" />
  <topic id="M:Microsoft.WebSolutionsPlatform.Common.SharedQueue.Enqueue(System.Byte[]@,System.UInt32)" />
  <topic id="M:Microsoft.WebSolutionsPlatform.Common.SharedQueue.Finalize" />
  <topic id="P:Microsoft.WebSolutionsPlatform.Common.SharedQueue.QueueSize" />
  <topic id="T:Microsoft.WebSolutionsPlatform.Common.SharedQueueDoesNotExistException" />
  <topic id="Overload:Microsoft.WebSolutionsPlatform.Common.SharedQueueDoesNotExistException.#ctor" />
  <topic id="M:Microsoft.WebSolutionsPlatform.Common.SharedQueueDoesNotExistException.#ctor" />
  <topic id="M:Microsoft.WebSolutionsPlatform.Common.SharedQueueDoesNotExistException.#ctor(System.Runtime.Serialization.SerializationInfo,System.Runtime.Serialization.StreamingContext)" />
  <topic id="M:Microsoft.WebSolutionsPlatform.Common.SharedQueueDoesNotExistException.#ctor(System.String)" />
  <topic id="M:Microsoft.WebSolutionsPlatform.Common.SharedQueueDoesNotExistException.#ctor(System.String,System.Exception)" />
  <topic id="T:Microsoft.WebSolutionsPlatform.Common.SharedQueueException" />
  <topic id="Overload:Microsoft.WebSolutionsPlatform.Common.SharedQueueException.#ctor" />
  <topic id="M:Microsoft.WebSolutionsPlatform.Common.SharedQueueException.#ctor" />
  <topic id="M:Microsoft.WebSolutionsPlatform.Common.SharedQueueException.#ctor(System.Runtime.Serialization.SerializationInfo,System.Runtime.Serialization.StreamingContext)" />
  <topic id="M:Microsoft.WebSolutionsPlatform.Common.SharedQueueException.#ctor(System.String)" />
  <topic id="M:Microsoft.WebSolutionsPlatform.Common.SharedQueueException.#ctor(System.String,System.Exception)" />
  <topic id="T:Microsoft.WebSolutionsPlatform.Common.SharedQueueFullException" />
  <topic id="Overload:Microsoft.WebSolutionsPlatform.Common.SharedQueueFullException.#ctor" />
  <topic id="M:Microsoft.WebSolutionsPlatform.Common.SharedQueueFullException.#ctor" />
  <topic id="M:Microsoft.WebSolutionsPlatform.Common.SharedQueueFullException.#ctor(System.Runtime.Serialization.SerializationInfo,System.Runtime.Serialization.StreamingContext)" />
  <topic id="M:Microsoft.WebSolutionsPlatform.Common.SharedQueueFullException.#ctor(System.String)" />
  <topic id="M:Microsoft.WebSolutionsPlatform.Common.SharedQueueFullException.#ctor(System.String,System.Exception)" />
  <topic id="T:Microsoft.WebSolutionsPlatform.Common.SharedQueueInitializationException" />
  <topic id="Overload:Microsoft.WebSolutionsPlatform.Common.SharedQueueInitializationException.#ctor" />
  <topic id="M:Microsoft.WebSolutionsPlatform.Common.SharedQueueInitializationException.#ctor" />
  <topic id="M:Microsoft.WebSolutionsPlatform.Common.SharedQueueInitializationException.#ctor(System.Runtime.Serialization.SerializationInfo,System.Runtime.Serialization.StreamingContext)" />
  <topic id="M:Microsoft.WebSolutionsPlatform.Common.SharedQueueInitializationException.#ctor(System.String)" />
  <topic id="M:Microsoft.WebSolutionsPlatform.Common.SharedQueueInitializationException.#ctor(System.String,System.Exception)" />
  <topic id="T:Microsoft.WebSolutionsPlatform.Common.SharedQueueInsufficientMemoryException" />
  <topic id="Overload:Microsoft.WebSolutionsPlatform.Common.SharedQueueInsufficientMemoryException.#ctor" />
  <topic id="M:Microsoft.WebSolutionsPlatform.Common.SharedQueueInsufficientMemoryException.#ctor" />
  <topic id="M:Microsoft.WebSolutionsPlatform.Common.SharedQueueInsufficientMemoryException.#ctor(System.Runtime.Serialization.SerializationInfo,System.Runtime.Serialization.StreamingContext)" />
  <topic id="M:Microsoft.WebSolutionsPlatform.Common.SharedQueueInsufficientMemoryException.#ctor(System.String)" />
  <topic id="M:Microsoft.WebSolutionsPlatform.Common.SharedQueueInsufficientMemoryException.#ctor(System.String,System.Exception)" />
  <topic id="N:Microsoft.WebSolutionsPlatform.Event" />
  <topic id="T:Microsoft.WebSolutionsPlatform.Event.DoubleDictionary`2" />
  <topic id="P:Microsoft.WebSolutionsPlatform.Event.DoubleDictionary`2.Dictionary1" />
  <topic id="P:Microsoft.WebSolutionsPlatform.Event.DoubleDictionary`2.Dictionary2" />
  <topic id="T:Microsoft.WebSolutionsPlatform.Event.Event" />
  <topic id="Overload:Microsoft.WebSolutionsPlatform.Event.Event.#ctor" />
  <topic id="Overload:Microsoft.WebSolutionsPlatform.Event.Event.Dispose" />
  <topic id="M:Microsoft.WebSolutionsPlatform.Event.Event.#ctor" />
  <topic id="M:Microsoft.WebSolutionsPlatform.Event.Event.#ctor(System.Byte[])" />
  <topic id="M:Microsoft.WebSolutionsPlatform.Event.Event.Deserialize(System.Byte[])" />
  <topic id="M:Microsoft.WebSolutionsPlatform.Event.Event.Dispose" />
  <topic id="M:Microsoft.WebSolutionsPlatform.Event.Event.Dispose(System.Boolean)" />
  <topic id="P:Microsoft.WebSolutionsPlatform.Event.Event.EventName" />
  <topic id="P:Microsoft.WebSolutionsPlatform.Event.Event.EventPublisher" />
  <topic id="P:Microsoft.WebSolutionsPlatform.Event.Event.EventTime" />
  <topic id="P:Microsoft.WebSolutionsPlatform.Event.Event.EventType" />
  <topic id="P:Microsoft.WebSolutionsPlatform.Event.Event.EventVersion" />
  <topic id="M:Microsoft.WebSolutionsPlatform.Event.Event.Finalize" />
  <topic id="M:Microsoft.WebSolutionsPlatform.Event.Event.GetObjectData(Microsoft.WebSolutionsPlatform.Event.SerializationData)" />
  <topic id="P:Microsoft.WebSolutionsPlatform.Event.Event.InRouterName" />
  <topic id="P:Microsoft.WebSolutionsPlatform.Event.Event.OriginatingRouterName" />
  <topic id="M:Microsoft.WebSolutionsPlatform.Event.Event.Serialize" />
  <topic id="P:Microsoft.WebSolutionsPlatform.Event.Event.SerializedEvent" />
  <topic id="P:Microsoft.WebSolutionsPlatform.Event.Event.SubscriptionEvent" />
  <topic id="T:Microsoft.WebSolutionsPlatform.Event.EventSerializationException" />
  <topic id="Overload:Microsoft.WebSolutionsPlatform.Event.EventSerializationException.#ctor" />
  <topic id="M:Microsoft.WebSolutionsPlatform.Event.EventSerializationException.#ctor" />
  <topic id="M:Microsoft.WebSolutionsPlatform.Event.EventSerializationException.#ctor(System.Runtime.Serialization.SerializationInfo,System.Runtime.Serialization.StreamingContext)" />
  <topic id="M:Microsoft.WebSolutionsPlatform.Event.EventSerializationException.#ctor(System.String)" />
  <topic id="M:Microsoft.WebSolutionsPlatform.Event.EventSerializationException.#ctor(System.String,System.Exception)" />
  <topic id="T:Microsoft.WebSolutionsPlatform.Event.EventTypeNotSupportedException" />
  <topic id="Overload:Microsoft.WebSolutionsPlatform.Event.EventTypeNotSupportedException.#ctor" />
  <topic id="M:Microsoft.WebSolutionsPlatform.Event.EventTypeNotSupportedException.#ctor" />
  <topic id="M:Microsoft.WebSolutionsPlatform.Event.EventTypeNotSupportedException.#ctor(System.Runtime.Serialization.SerializationInfo,System.Runtime.Serialization.StreamingContext)" />
  <topic id="M:Microsoft.WebSolutionsPlatform.Event.EventTypeNotSupportedException.#ctor(System.String)" />
  <topic id="M:Microsoft.WebSolutionsPlatform.Event.EventTypeNotSupportedException.#ctor(System.String,System.Exception)" />
  <topic id="T:Microsoft.WebSolutionsPlatform.Event.PrefixStream" />
  <topic id="P:Microsoft.WebSolutionsPlatform.Event.PrefixStream.CanRead" />
  <topic id="P:Microsoft.WebSolutionsPlatform.Event.PrefixStream.CanSeek" />
  <topic id="P:Microsoft.WebSolutionsPlatform.Event.PrefixStream.CanWrite" />
  <topic id="M:Microsoft.WebSolutionsPlatform.Event.PrefixStream.Flush" />
  <topic id="P:Microsoft.WebSolutionsPlatform.Event.PrefixStream.Length" />
  <topic id="P:Microsoft.WebSolutionsPlatform.Event.PrefixStream.Position" />
  <topic id="M:Microsoft.WebSolutionsPlatform.Event.PrefixStream.Read(System.Byte[],System.Int32,System.Int32)" />
  <topic id="M:Microsoft.WebSolutionsPlatform.Event.PrefixStream.Seek(System.Int64,System.IO.SeekOrigin)" />
  <topic id="M:Microsoft.WebSolutionsPlatform.Event.PrefixStream.SetLength(System.Int64)" />
  <topic id="M:Microsoft.WebSolutionsPlatform.Event.PrefixStream.Write(System.Byte[],System.Int32,System.Int32)" />
  <topic id="T:Microsoft.WebSolutionsPlatform.Event.ProjectInstaller" />
  <topic id="M:Microsoft.WebSolutionsPlatform.Event.ProjectInstaller.#ctor" />
  <topic id="M:Microsoft.WebSolutionsPlatform.Event.ProjectInstaller.Dispose(System.Boolean)" />
  <topic id="T:Microsoft.WebSolutionsPlatform.Event.PropertyType" />
  <topic id="T:Microsoft.WebSolutionsPlatform.Event.Router" />
  <topic id="M:Microsoft.WebSolutionsPlatform.Event.Router.#ctor" />
  <topic id="M:Microsoft.WebSolutionsPlatform.Event.Router.ConcatArrayList(System.Collections.ArrayList)" />
  <topic id="M:Microsoft.WebSolutionsPlatform.Event.Router.Dispose(System.Boolean)" />
  <topic id="M:Microsoft.WebSolutionsPlatform.Event.Router.OnStart(System.String[])" />
  <topic id="M:Microsoft.WebSolutionsPlatform.Event.Router.OnStop" />
  <topic id="T:Microsoft.WebSolutionsPlatform.Event.SerializationData" />
  <topic id="Overload:Microsoft.WebSolutionsPlatform.Event.SerializationData.#ctor" />
  <topic id="Overload:Microsoft.WebSolutionsPlatform.Event.SerializationData.Dispose" />
  <topic id="M:Microsoft.WebSolutionsPlatform.Event.SerializationData.#ctor" />
  <topic id="M:Microsoft.WebSolutionsPlatform.Event.SerializationData.#ctor(System.Byte[])" />
  <topic id="M:Microsoft.WebSolutionsPlatform.Event.SerializationData.AddElement(System.String,System.Object)" />
  <topic id="P:Microsoft.WebSolutionsPlatform.Event.SerializationData.Current" />
  <topic id="M:Microsoft.WebSolutionsPlatform.Event.SerializationData.Dispose" />
  <topic id="M:Microsoft.WebSolutionsPlatform.Event.SerializationData.Dispose(System.Boolean)" />
  <topic id="M:Microsoft.WebSolutionsPlatform.Event.SerializationData.Finalize" />
  <topic id="M:Microsoft.WebSolutionsPlatform.Event.SerializationData.GetEnumerator" />
  <topic id="M:Microsoft.WebSolutionsPlatform.Event.SerializationData.GetEventType" />
  <topic id="M:Microsoft.WebSolutionsPlatform.Event.SerializationData.GetInRouterName" />
  <topic id="M:Microsoft.WebSolutionsPlatform.Event.SerializationData.GetOriginatingRouterName" />
  <topic id="P:Microsoft.WebSolutionsPlatform.Event.SerializationData.Length" />
  <topic id="M:Microsoft.WebSolutionsPlatform.Event.SerializationData.MoveNext" />
  <topic id="P:Microsoft.WebSolutionsPlatform.Event.SerializationData.ReadMode" />
  <topic id="M:Microsoft.WebSolutionsPlatform.Event.SerializationData.Reset" />
  <topic id="M:Microsoft.WebSolutionsPlatform.Event.SerializationData.ResetStream" />
  <topic id="M:Microsoft.WebSolutionsPlatform.Event.SerializationData.System#Collections#IEnumerable#GetEnumerator" />
  <topic id="P:Microsoft.WebSolutionsPlatform.Event.SerializationData.System#Collections#IEnumerator#Current" />
  <topic id="M:Microsoft.WebSolutionsPlatform.Event.SerializationData.ToBytes" />
  <topic id="M:Microsoft.WebSolutionsPlatform.Event.SerializationData.ToString" />
  <topic id="P:Microsoft.WebSolutionsPlatform.Event.SerializationData.WriteMode" />
  <topic id="T:Microsoft.WebSolutionsPlatform.Event.ServiceThread" />
  <topic id="M:Microsoft.WebSolutionsPlatform.Event.ServiceThread.#ctor" />
  <topic id="M:Microsoft.WebSolutionsPlatform.Event.ServiceThread.Start" />
  <topic id="T:Microsoft.WebSolutionsPlatform.Event.Subscription" />
  <topic id="M:Microsoft.WebSolutionsPlatform.Event.Subscription.#ctor" />
  <topic id="M:Microsoft.WebSolutionsPlatform.Event.Subscription.GetObjectData(Microsoft.WebSolutionsPlatform.Event.SerializationData)" />
  <topic id="P:Microsoft.WebSolutionsPlatform.Event.Subscription.LocalOnly" />
  <topic id="P:Microsoft.WebSolutionsPlatform.Event.Subscription.Subscribe" />
  <topic id="P:Microsoft.WebSolutionsPlatform.Event.Subscription.SubscriptionEventType" />
  <topic id="P:Microsoft.WebSolutionsPlatform.Event.Subscription.SubscriptionId" />
  <topic id="T:Microsoft.WebSolutionsPlatform.Event.SynchronizationQueue`1" />
  <topic id="Overload:Microsoft.WebSolutionsPlatform.Event.SynchronizationQueue`1.#ctor" />
  <topic id="Overload:Microsoft.WebSolutionsPlatform.Event.SynchronizationQueue`1.Dequeue" />
  <topic id="Overload:Microsoft.WebSolutionsPlatform.Event.SynchronizationQueue`1.Dispose" />
  <topic id="Overload:Microsoft.WebSolutionsPlatform.Event.SynchronizationQueue`1.Enqueue" />
  <topic id="M:Microsoft.WebSolutionsPlatform.Event.SynchronizationQueue`1.#ctor" />
  <topic id="M:Microsoft.WebSolutionsPlatform.Event.SynchronizationQueue`1.#ctor(System.Collections.Generic.IEnumerable{`0})" />
  <topic id="M:Microsoft.WebSolutionsPlatform.Event.SynchronizationQueue`1.#ctor(System.Int32)" />
  <topic id="M:Microsoft.WebSolutionsPlatform.Event.SynchronizationQueue`1.Dequeue" />
  <topic id="M:Microsoft.WebSolutionsPlatform.Event.SynchronizationQueue`1.Dequeue(System.Int32)" />
  <topic id="M:Microsoft.WebSolutionsPlatform.Event.SynchronizationQueue`1.Dispose" />
  <topic id="M:Microsoft.WebSolutionsPlatform.Event.SynchronizationQueue`1.Dispose(System.Boolean)" />
  <topic id="M:Microsoft.WebSolutionsPlatform.Event.SynchronizationQueue`1.Enqueue(`0)" />
  <topic id="M:Microsoft.WebSolutionsPlatform.Event.SynchronizationQueue`1.Enqueue(`0,System.Int32)" />
  <topic id="M:Microsoft.WebSolutionsPlatform.Event.SynchronizationQueue`1.Finalize" />
  <topic id="P:Microsoft.WebSolutionsPlatform.Event.SynchronizationQueue`1.Timeout" />
  <topic id="T:Microsoft.WebSolutionsPlatform.Event.WebpageEvent" />
  <topic id="Overload:Microsoft.WebSolutionsPlatform.Event.WebpageEvent.#ctor" />
  <topic id="M:Microsoft.WebSolutionsPlatform.Event.WebpageEvent.#ctor" />
  <topic id="M:Microsoft.WebSolutionsPlatform.Event.WebpageEvent.#ctor(System.Byte[])" />
  <topic id="P:Microsoft.WebSolutionsPlatform.Event.WebpageEvent.ActiveXControls" />
  <topic id="P:Microsoft.WebSolutionsPlatform.Event.WebpageEvent.AnonymousId" />
  <topic id="P:Microsoft.WebSolutionsPlatform.Event.WebpageEvent.Aol" />
  <topic id="P:Microsoft.WebSolutionsPlatform.Event.WebpageEvent.BackgroundSounds" />
  <topic id="P:Microsoft.WebSolutionsPlatform.Event.WebpageEvent.Beta" />
  <topic id="P:Microsoft.WebSolutionsPlatform.Event.WebpageEvent.Browser" />
  <topic id="P:Microsoft.WebSolutionsPlatform.Event.WebpageEvent.Cdf" />
  <topic id="P:Microsoft.WebSolutionsPlatform.Event.WebpageEvent.ClrVersion" />
  <topic id="P:Microsoft.WebSolutionsPlatform.Event.WebpageEvent.Cookies" />
  <topic id="P:Microsoft.WebSolutionsPlatform.Event.WebpageEvent.Crawler" />
  <topic id="P:Microsoft.WebSolutionsPlatform.Event.WebpageEvent.EcmaScriptVersion" />
  <topic id="P:Microsoft.WebSolutionsPlatform.Event.WebpageEvent.Ext" />
  <topic id="P:Microsoft.WebSolutionsPlatform.Event.WebpageEvent.Frames" />
  <topic id="M:Microsoft.WebSolutionsPlatform.Event.WebpageEvent.GetObjectData(Microsoft.WebSolutionsPlatform.Event.SerializationData)" />
  <topic id="P:Microsoft.WebSolutionsPlatform.Event.WebpageEvent.HostDomain" />
  <topic id="P:Microsoft.WebSolutionsPlatform.Event.WebpageEvent.JavaApplets" />
  <topic id="P:Microsoft.WebSolutionsPlatform.Event.WebpageEvent.LogicalUri" />
  <topic id="P:Microsoft.WebSolutionsPlatform.Event.WebpageEvent.MajorVersion" />
  <topic id="P:Microsoft.WebSolutionsPlatform.Event.WebpageEvent.MinorVersion" />
  <topic id="P:Microsoft.WebSolutionsPlatform.Event.WebpageEvent.MSDomVersion" />
  <topic id="P:Microsoft.WebSolutionsPlatform.Event.WebpageEvent.Platform" />
  <topic id="P:Microsoft.WebSolutionsPlatform.Event.WebpageEvent.Request" />
  <topic id="P:Microsoft.WebSolutionsPlatform.Event.WebpageEvent.RequestType" />
  <topic id="P:Microsoft.WebSolutionsPlatform.Event.WebpageEvent.Source" />
  <topic id="P:Microsoft.WebSolutionsPlatform.Event.WebpageEvent.SourceServer" />
  <topic id="P:Microsoft.WebSolutionsPlatform.Event.WebpageEvent.StatusCode" />
  <topic id="P:Microsoft.WebSolutionsPlatform.Event.WebpageEvent.SubDirectory" />
  <topic id="P:Microsoft.WebSolutionsPlatform.Event.WebpageEvent.Tables" />
  <topic id="P:Microsoft.WebSolutionsPlatform.Event.WebpageEvent.Type" />
  <topic id="P:Microsoft.WebSolutionsPlatform.Event.WebpageEvent.UriHash" />
  <topic id="P:Microsoft.WebSolutionsPlatform.Event.WebpageEvent.UriQuery" />
  <topic id="P:Microsoft.WebSolutionsPlatform.Event.WebpageEvent.UriStem" />
  <topic id="P:Microsoft.WebSolutionsPlatform.Event.WebpageEvent.UrlReferrer" />
  <topic id="P:Microsoft.WebSolutionsPlatform.Event.WebpageEvent.UrlReferrerDomain" />
  <topic id="P:Microsoft.WebSolutionsPlatform.Event.WebpageEvent.UserAgent" />
  <topic id="P:Microsoft.WebSolutionsPlatform.Event.WebpageEvent.UserHostAddress" />
  <topic id="P:Microsoft.WebSolutionsPlatform.Event.WebpageEvent.VBScript" />
  <topic id="P:Microsoft.WebSolutionsPlatform.Event.WebpageEvent.Version" />
  <topic id="P:Microsoft.WebSolutionsPlatform.Event.WebpageEvent.VirtualRoot" />
  <topic id="P:Microsoft.WebSolutionsPlatform.Event.WebpageEvent.W3CDomVersion" />
  <topic id="P:Microsoft.WebSolutionsPlatform.Event.WebpageEvent.Win16" />
  <topic id="P:Microsoft.WebSolutionsPlatform.Event.WebpageEvent.Win32" />
  <topic id="T:Microsoft.WebSolutionsPlatform.Event.WorkerThreadType" />
  <topic id="T:Microsoft.WebSolutionsPlatform.Event.WspKeyValuePair`2" />
  <topic id="M:Microsoft.WebSolutionsPlatform.Event.WspKeyValuePair`2.#ctor(`0,`1)" />
  <topic id="P:Microsoft.WebSolutionsPlatform.Event.WspKeyValuePair`2.Key" />
  <topic id="P:Microsoft.WebSolutionsPlatform.Event.WspKeyValuePair`2.ValueIn" />
  <topic id="N:Microsoft.WebSolutionsPlatform.Event.PubSubManager" />
  <topic id="T:Microsoft.WebSolutionsPlatform.Event.PubSubManager.ISubscriptionCallback" />
  <topic id="M:Microsoft.WebSolutionsPlatform.Event.PubSubManager.ISubscriptionCallback.SubscriptionCallback(System.Guid,System.Byte[])" />
  <topic id="T:Microsoft.WebSolutionsPlatform.Event.PubSubManager.PublishManager" />
  <topic id="Overload:Microsoft.WebSolutionsPlatform.Event.PubSubManager.PublishManager.#ctor" />
  <topic id="Overload:Microsoft.WebSolutionsPlatform.Event.PubSubManager.PublishManager.Dispose" />
  <topic id="M:Microsoft.WebSolutionsPlatform.Event.PubSubManager.PublishManager.#ctor" />
  <topic id="M:Microsoft.WebSolutionsPlatform.Event.PubSubManager.PublishManager.#ctor(System.UInt32)" />
  <topic id="M:Microsoft.WebSolutionsPlatform.Event.PubSubManager.PublishManager.Dispose" />
  <topic id="M:Microsoft.WebSolutionsPlatform.Event.PubSubManager.PublishManager.Dispose(System.Boolean)" />
  <topic id="M:Microsoft.WebSolutionsPlatform.Event.PubSubManager.PublishManager.Finalize" />
  <topic id="M:Microsoft.WebSolutionsPlatform.Event.PubSubManager.PublishManager.Publish(System.Byte[])" />
  <topic id="P:Microsoft.WebSolutionsPlatform.Event.PubSubManager.PublishManager.QueueSize" />
  <topic id="P:Microsoft.WebSolutionsPlatform.Event.PubSubManager.PublishManager.RetryAttempts" />
  <topic id="P:Microsoft.WebSolutionsPlatform.Event.PubSubManager.PublishManager.RetryPause" />
  <topic id="P:Microsoft.WebSolutionsPlatform.Event.PubSubManager.PublishManager.Timeout" />
  <topic id="T:Microsoft.WebSolutionsPlatform.Event.PubSubManager.PubSubConnectionFailedException" />
  <topic id="Overload:Microsoft.WebSolutionsPlatform.Event.PubSubManager.PubSubConnectionFailedException.#ctor" />
  <topic id="M:Microsoft.WebSolutionsPlatform.Event.PubSubManager.PubSubConnectionFailedException.#ctor" />
  <topic id="M:Microsoft.WebSolutionsPlatform.Event.PubSubManager.PubSubConnectionFailedException.#ctor(System.Runtime.Serialization.SerializationInfo,System.Runtime.Serialization.StreamingContext)" />
  <topic id="M:Microsoft.WebSolutionsPlatform.Event.PubSubManager.PubSubConnectionFailedException.#ctor(System.String)" />
  <topic id="M:Microsoft.WebSolutionsPlatform.Event.PubSubManager.PubSubConnectionFailedException.#ctor(System.String,System.Exception)" />
  <topic id="T:Microsoft.WebSolutionsPlatform.Event.PubSubManager.PubSubException" />
  <topic id="Overload:Microsoft.WebSolutionsPlatform.Event.PubSubManager.PubSubException.#ctor" />
  <topic id="M:Microsoft.WebSolutionsPlatform.Event.PubSubManager.PubSubException.#ctor" />
  <topic id="M:Microsoft.WebSolutionsPlatform.Event.PubSubManager.PubSubException.#ctor(System.Runtime.Serialization.SerializationInfo,System.Runtime.Serialization.StreamingContext)" />
  <topic id="M:Microsoft.WebSolutionsPlatform.Event.PubSubManager.PubSubException.#ctor(System.String)" />
  <topic id="M:Microsoft.WebSolutionsPlatform.Event.PubSubManager.PubSubException.#ctor(System.String,System.Exception)" />
  <topic id="T:Microsoft.WebSolutionsPlatform.Event.PubSubManager.PubSubInitializationException" />
  <topic id="Overload:Microsoft.WebSolutionsPlatform.Event.PubSubManager.PubSubInitializationException.#ctor" />
  <topic id="M:Microsoft.WebSolutionsPlatform.Event.PubSubManager.PubSubInitializationException.#ctor" />
  <topic id="M:Microsoft.WebSolutionsPlatform.Event.PubSubManager.PubSubInitializationException.#ctor(System.Runtime.Serialization.SerializationInfo,System.Runtime.Serialization.StreamingContext)" />
  <topic id="M:Microsoft.WebSolutionsPlatform.Event.PubSubManager.PubSubInitializationException.#ctor(System.String)" />
  <topic id="M:Microsoft.WebSolutionsPlatform.Event.PubSubManager.PubSubInitializationException.#ctor(System.String,System.Exception)" />
  <topic id="T:Microsoft.WebSolutionsPlatform.Event.PubSubManager.PubSubInsufficientMemoryException" />
  <topic id="Overload:Microsoft.WebSolutionsPlatform.Event.PubSubManager.PubSubInsufficientMemoryException.#ctor" />
  <topic id="M:Microsoft.WebSolutionsPlatform.Event.PubSubManager.PubSubInsufficientMemoryException.#ctor" />
  <topic id="M:Microsoft.WebSolutionsPlatform.Event.PubSubManager.PubSubInsufficientMemoryException.#ctor(System.Runtime.Serialization.SerializationInfo,System.Runtime.Serialization.StreamingContext)" />
  <topic id="M:Microsoft.WebSolutionsPlatform.Event.PubSubManager.PubSubInsufficientMemoryException.#ctor(System.String)" />
  <topic id="M:Microsoft.WebSolutionsPlatform.Event.PubSubManager.PubSubInsufficientMemoryException.#ctor(System.String,System.Exception)" />
  <topic id="T:Microsoft.WebSolutionsPlatform.Event.PubSubManager.PubSubQueueDoesNotExistException" />
  <topic id="Overload:Microsoft.WebSolutionsPlatform.Event.PubSubManager.PubSubQueueDoesNotExistException.#ctor" />
  <topic id="M:Microsoft.WebSolutionsPlatform.Event.PubSubManager.PubSubQueueDoesNotExistException.#ctor" />
  <topic id="M:Microsoft.WebSolutionsPlatform.Event.PubSubManager.PubSubQueueDoesNotExistException.#ctor(System.Runtime.Serialization.SerializationInfo,System.Runtime.Serialization.StreamingContext)" />
  <topic id="M:Microsoft.WebSolutionsPlatform.Event.PubSubManager.PubSubQueueDoesNotExistException.#ctor(System.String)" />
  <topic id="M:Microsoft.WebSolutionsPlatform.Event.PubSubManager.PubSubQueueDoesNotExistException.#ctor(System.String,System.Exception)" />
  <topic id="T:Microsoft.WebSolutionsPlatform.Event.PubSubManager.PubSubQueueFullException" />
  <topic id="Overload:Microsoft.WebSolutionsPlatform.Event.PubSubManager.PubSubQueueFullException.#ctor" />
  <topic id="M:Microsoft.WebSolutionsPlatform.Event.PubSubManager.PubSubQueueFullException.#ctor" />
  <topic id="M:Microsoft.WebSolutionsPlatform.Event.PubSubManager.PubSubQueueFullException.#ctor(System.Runtime.Serialization.SerializationInfo,System.Runtime.Serialization.StreamingContext)" />
  <topic id="M:Microsoft.WebSolutionsPlatform.Event.PubSubManager.PubSubQueueFullException.#ctor(System.String)" />
  <topic id="M:Microsoft.WebSolutionsPlatform.Event.PubSubManager.PubSubQueueFullException.#ctor(System.String,System.Exception)" />
  <topic id="T:Microsoft.WebSolutionsPlatform.Event.PubSubManager.SubscriptionManager" />
  <topic id="Overload:Microsoft.WebSolutionsPlatform.Event.PubSubManager.SubscriptionManager.#ctor" />
  <topic id="Overload:Microsoft.WebSolutionsPlatform.Event.PubSubManager.SubscriptionManager.Dispose" />
  <topic id="M:Microsoft.WebSolutionsPlatform.Event.PubSubManager.SubscriptionManager.#ctor(System.Object)" />
  <topic id="M:Microsoft.WebSolutionsPlatform.Event.PubSubManager.SubscriptionManager.#ctor(System.UInt32,System.Object)" />
  <topic id="M:Microsoft.WebSolutionsPlatform.Event.PubSubManager.SubscriptionManager.AddSubscription(System.Guid,System.Boolean)" />
  <topic id="P:Microsoft.WebSolutionsPlatform.Event.PubSubManager.SubscriptionManager.CallbackMethod" />
  <topic id="M:Microsoft.WebSolutionsPlatform.Event.PubSubManager.SubscriptionManager.Dispose" />
  <topic id="M:Microsoft.WebSolutionsPlatform.Event.PubSubManager.SubscriptionManager.Dispose(System.Boolean)" />
  <topic id="M:Microsoft.WebSolutionsPlatform.Event.PubSubManager.SubscriptionManager.Finalize" />
  <topic id="M:Microsoft.WebSolutionsPlatform.Event.PubSubManager.SubscriptionManager.GetSubscriptions" />
  <topic id="P:Microsoft.WebSolutionsPlatform.Event.PubSubManager.SubscriptionManager.ListenForEvents" />
  <topic id="P:Microsoft.WebSolutionsPlatform.Event.PubSubManager.SubscriptionManager.QueueSize" />
  <topic id="M:Microsoft.WebSolutionsPlatform.Event.PubSubManager.SubscriptionManager.RemoveSubscription(System.Guid)" />
  <topic id="P:Microsoft.WebSolutionsPlatform.Event.PubSubManager.SubscriptionManager.Timeout" />
  <topic id="T:Microsoft.WebSolutionsPlatform.Event.PubSubManager.SubscriptionManager.Callback" />
</topics>