<?xml version="1.0"?>
<doc>
    <assembly>
        <name>WspEvent</name>
    </assembly>
    <members>
        <member name="T:Microsoft.WebSolutionsPlatform.Event.EventSerializationException">
            <summary>
            The exception that is thrown when an error occurs trying to serialize an event.
            </summary>
        </member>
        <member name="M:Microsoft.WebSolutionsPlatform.Event.EventSerializationException.#ctor">
            <summary>
            Base constructor to create a new EventSerializationException
            </summary>
        </member>
        <member name="M:Microsoft.WebSolutionsPlatform.Event.EventSerializationException.#ctor(System.String)">
            <summary>
            Base constructor to create a new EventSerializationException
            </summary>
            <param name="message">The message that describes the error.</param>
        </member>
        <member name="M:Microsoft.WebSolutionsPlatform.Event.EventSerializationException.#ctor(System.String,System.Exception)">
            <summary>
            Base constructor to create a new EventSerializationException
            </summary>
            <param name="message">The error message that explains the reason for the exception.</param>
            <param name="innerException">The exception that is the cause of the current exception, or a null reference (Nothing in Visual Basic) if no inner exception is specified.</param>
        </member>
        <member name="M:Microsoft.WebSolutionsPlatform.Event.EventSerializationException.#ctor(System.Runtime.Serialization.SerializationInfo,System.Runtime.Serialization.StreamingContext)">
            <summary>
            Base constructor to create a new EventSerializationException
            </summary>
            <param name="info">The SerializationInfo that holds the serialized object data about the exception being thrown.</param>
            <param name="context">The StreamingContext that contains contextual information about the source or destination.</param>
        </member>
        <member name="T:Microsoft.WebSolutionsPlatform.Event.EventTypeNotSupportedException">
            <summary>
            The exception that is thrown when an unsupported type is passed to be serialized.
            </summary>
        </member>
        <member name="M:Microsoft.WebSolutionsPlatform.Event.EventTypeNotSupportedException.#ctor">
            <summary>
            Base constructor to create a new EventTypeNotSupportedException
            </summary>
        </member>
        <member name="M:Microsoft.WebSolutionsPlatform.Event.EventTypeNotSupportedException.#ctor(System.String)">
            <summary>
            Base constructor to create a new EventTypeNotSupportedException
            </summary>
            <param name="message">The message that describes the error.</param>
        </member>
        <member name="M:Microsoft.WebSolutionsPlatform.Event.EventTypeNotSupportedException.#ctor(System.String,System.Exception)">
            <summary>
            Base constructor to create a new EventTypeNotSupportedException
            </summary>
            <param name="message">The error message that explains the reason for the exception.</param>
            <param name="innerException">The exception that is the cause of the current exception, or a null reference (Nothing in Visual Basic) if no inner exception is specified.</param>
        </member>
        <member name="M:Microsoft.WebSolutionsPlatform.Event.EventTypeNotSupportedException.#ctor(System.Runtime.Serialization.SerializationInfo,System.Runtime.Serialization.StreamingContext)">
            <summary>
            Base constructor to create a new EventTypeNotSupportedException
            </summary>
            <param name="info">The SerializationInfo that holds the serialized object data about the exception being thrown.</param>
            <param name="context">The StreamingContext that contains contextual information about the source or destination.</param>
        </member>
        <member name="T:Microsoft.WebSolutionsPlatform.Event.WebpageEvent">
            <summary>
            This class is meant to correspond to the UserAgent property for HTTP classes.
            </summary>
        </member>
        <member name="T:Microsoft.WebSolutionsPlatform.Event.Event">
            <summary>
            Base class for events. All events must inherit from this class.
            </summary>
        </member>
        <member name="M:Microsoft.WebSolutionsPlatform.Event.Event.#ctor">
            <summary>
            Base constructor to create a new event
            </summary>
        </member>
        <member name="M:Microsoft.WebSolutionsPlatform.Event.Event.#ctor(System.Byte[])">
            <summary>
            Base contructor to re-instantiate an existing event
            </summary>
            <param name="serializationData">Serialized event data</param>
        </member>
        <member name="M:Microsoft.WebSolutionsPlatform.Event.Event.InitializeEvent">
            <summary>
            Initializes a new event object
            </summary>
        </member>
        <member name="M:Microsoft.WebSolutionsPlatform.Event.Event.Serialize">
            <summary>
            Serializes the event and puts it in the SerializedEvent property
            </summary>
            <returns>Serialized version of the event</returns>
        </member>
        <member name="M:Microsoft.WebSolutionsPlatform.Event.Event.Deserialize(System.Byte[])">
            <summary>
            Deserializes the event
            </summary>
        </member>
        <member name="M:Microsoft.WebSolutionsPlatform.Event.Event.GetObjectDataBase(Microsoft.WebSolutionsPlatform.Event.SerializationData)">
            <summary>
            Used for event serialization.
            </summary>
            <param name="data">SerializationData object passed to store serialized object</param>
        </member>
        <member name="M:Microsoft.WebSolutionsPlatform.Event.Event.GetObjectData(Microsoft.WebSolutionsPlatform.Event.SerializationData)">
            <summary>
            Used for event serialization.
            </summary>
            <param name="data">SerializationData object passed to store serialized object</param>
        </member>
        <member name="M:Microsoft.WebSolutionsPlatform.Event.Event.Dispose">
            <summary>
            Disposes of the object.
            </summary>
        </member>
        <member name="M:Microsoft.WebSolutionsPlatform.Event.Event.Dispose(System.Boolean)">
            <summary>
            Disposes of the object.
            </summary>
        </member>
        <member name="M:Microsoft.WebSolutionsPlatform.Event.Event.Finalize">
            <summary>
            Destructor for the Event class.
            </summary>
        </member>
        <member name="P:Microsoft.WebSolutionsPlatform.Event.Event.OriginatingRouterName">
            <summary>
            Router that the event originated from
            </summary>
        </member>
        <member name="P:Microsoft.WebSolutionsPlatform.Event.Event.InRouterName">
            <summary>
            Router the event was passed from
            </summary>
        </member>
        <member name="P:Microsoft.WebSolutionsPlatform.Event.Event.SubscriptionEvent">
            <summary>
            Event type for a Subscription Event
            </summary>
        </member>
        <member name="P:Microsoft.WebSolutionsPlatform.Event.Event.EventType">
            <summary>
            Type of the event
            </summary>
        </member>
        <member name="P:Microsoft.WebSolutionsPlatform.Event.Event.EventVersion">
            <summary>
            Version of the event
            </summary>
        </member>
        <member name="P:Microsoft.WebSolutionsPlatform.Event.Event.EventName">
            <summary>
            Friendly name of the event
            </summary>
        </member>
        <member name="P:Microsoft.WebSolutionsPlatform.Event.Event.EventTime">
            <summary>
            UTC time in ticks of when the event is published
            </summary>
        </member>
        <member name="P:Microsoft.WebSolutionsPlatform.Event.Event.EventPublisher">
            <summary>
            Friendly name of the event
            </summary>
        </member>
        <member name="P:Microsoft.WebSolutionsPlatform.Event.Event.SerializedEvent">
            <summary>
            Serialized version of the event
            </summary>
        </member>
        <member name="M:Microsoft.WebSolutionsPlatform.Event.WebpageEvent.#ctor">
            <summary>
            Base constructor to create a new web page event
            </summary>
        </member>
        <member name="M:Microsoft.WebSolutionsPlatform.Event.WebpageEvent.#ctor(System.Byte[])">
            <summary>
            Base constructor to create a new web page event from a serialized event
            </summary>
            <param name="serializationData">Serialized event data</param>
        </member>
        <member name="M:Microsoft.WebSolutionsPlatform.Event.WebpageEvent.GetObjectData(Microsoft.WebSolutionsPlatform.Event.SerializationData)">
            <summary>
            Used for event serialization.
            </summary>
            <param name="data">SerializationData object passed to store serialized object</param>
        </member>
        <member name="P:Microsoft.WebSolutionsPlatform.Event.WebpageEvent.UserHostAddress">
            <summary>
            Client's IP address
            </summary>
        </member>
        <member name="P:Microsoft.WebSolutionsPlatform.Event.WebpageEvent.UriStem">
            <summary>
            Uri stem
            </summary>
        </member>
        <member name="P:Microsoft.WebSolutionsPlatform.Event.WebpageEvent.LogicalUri">
            <summary>
            Logical Uri queried
            </summary>
        </member>
        <member name="P:Microsoft.WebSolutionsPlatform.Event.WebpageEvent.UriQuery">
            <summary>
            Uri queried
            </summary>
        </member>
        <member name="P:Microsoft.WebSolutionsPlatform.Event.WebpageEvent.UrlReferrer">
            <summary>
            URL of the client's previous request that linked to the current URL
            </summary>
        </member>
        <member name="P:Microsoft.WebSolutionsPlatform.Event.WebpageEvent.UrlReferrerDomain">
            <summary>
            Referring domain
            </summary>
        </member>
        <member name="P:Microsoft.WebSolutionsPlatform.Event.WebpageEvent.HostDomain">
            <summary>
            Host domain
            </summary>
        </member>
        <member name="P:Microsoft.WebSolutionsPlatform.Event.WebpageEvent.StatusCode">
            <summary>
            Status code
            </summary>
        </member>
        <member name="P:Microsoft.WebSolutionsPlatform.Event.WebpageEvent.VirtualRoot">
            <summary>
            Virtual root
            </summary>
        </member>
        <member name="P:Microsoft.WebSolutionsPlatform.Event.WebpageEvent.SubDirectory">
            <summary>
            Sub-directory of virtual root
            </summary>
        </member>
        <member name="P:Microsoft.WebSolutionsPlatform.Event.WebpageEvent.Ext">
            <summary>
            Ext
            </summary>
        </member>
        <member name="P:Microsoft.WebSolutionsPlatform.Event.WebpageEvent.Source">
            <summary>
            Source
            </summary>
        </member>
        <member name="P:Microsoft.WebSolutionsPlatform.Event.WebpageEvent.RequestType">
            <summary>
            RequestType
            </summary>
        </member>
        <member name="P:Microsoft.WebSolutionsPlatform.Event.WebpageEvent.Request">
            <summary>
            User request
            </summary>
        </member>
        <member name="P:Microsoft.WebSolutionsPlatform.Event.WebpageEvent.UserAgent">
            <summary>
            User agent
            </summary>
        </member>
        <member name="P:Microsoft.WebSolutionsPlatform.Event.WebpageEvent.ActiveXControls">
            <summary>
            Indicates whether the browser supports ActiveX controls
            </summary>
        </member>
        <member name="P:Microsoft.WebSolutionsPlatform.Event.WebpageEvent.Aol">
            <summary>
            Indicates whether the client is an America Online (Aol) browser
            </summary>
        </member>
        <member name="P:Microsoft.WebSolutionsPlatform.Event.WebpageEvent.BackgroundSounds">
            <summary>
            Indicates whether the browser supports playing background sounds using the bgsounds HTML element
            </summary>
        </member>
        <member name="P:Microsoft.WebSolutionsPlatform.Event.WebpageEvent.Beta">
            <summary>
            Indicates whether the browser is a beta version
            </summary>
        </member>
        <member name="P:Microsoft.WebSolutionsPlatform.Event.WebpageEvent.Browser">
            <summary>
            Browser string (if any) that was sent by the browser in the User-Agent request header
            </summary>
        </member>
        <member name="P:Microsoft.WebSolutionsPlatform.Event.WebpageEvent.Cdf">
            <summary>
            Value indicating whether the browser supports Channel Definition Format (Cdf) for webcasting
            </summary>
        </member>
        <member name="P:Microsoft.WebSolutionsPlatform.Event.WebpageEvent.ClrVersion">
            <summary>
            Version of the .NET Framework that is installed on the client
            </summary>
        </member>
        <member name="P:Microsoft.WebSolutionsPlatform.Event.WebpageEvent.Cookies">
            <summary>
            Value indicating whether the browser supports cookies
            </summary>
        </member>
        <member name="P:Microsoft.WebSolutionsPlatform.Event.WebpageEvent.Crawler">
            <summary>
            Value indicating whether the browser is a search engine Web crawler
            </summary>
        </member>
        <member name="P:Microsoft.WebSolutionsPlatform.Event.WebpageEvent.EcmaScriptVersion">
            <summary>
            Version number of ECMAScript that the browser supports
            </summary>
        </member>
        <member name="P:Microsoft.WebSolutionsPlatform.Event.WebpageEvent.Frames">
            <summary>
            Value indicating whether the browser supports HTML frames
            </summary>
        </member>
        <member name="P:Microsoft.WebSolutionsPlatform.Event.WebpageEvent.JavaApplets">
            <summary>
            Value indicating whether the browser supports Java
            </summary>
        </member>
        <member name="P:Microsoft.WebSolutionsPlatform.Event.WebpageEvent.MajorVersion">
            <summary>
            Major (integer) version number of the browser
            </summary>
        </member>
        <member name="P:Microsoft.WebSolutionsPlatform.Event.WebpageEvent.MinorVersion">
            <summary>
            Minor (that is, decimal) version number of the browser
            </summary>
        </member>
        <member name="P:Microsoft.WebSolutionsPlatform.Event.WebpageEvent.MSDomVersion">
            <summary>
            Version of Microsoft HTML (MSHTML) Document Object Model (DOM) that the browser supports
            </summary>
        </member>
        <member name="P:Microsoft.WebSolutionsPlatform.Event.WebpageEvent.Platform">
            <summary>
            Name of the platform that the client uses, if it is known
            </summary>
        </member>
        <member name="P:Microsoft.WebSolutionsPlatform.Event.WebpageEvent.Tables">
            <summary>
            Value indicating whether the browser supports HTML table elements
            </summary>
        </member>
        <member name="P:Microsoft.WebSolutionsPlatform.Event.WebpageEvent.Type">
            <summary>
            Name and major (integer) version number of the browser
            </summary>
        </member>
        <member name="P:Microsoft.WebSolutionsPlatform.Event.WebpageEvent.VBScript">
            <summary>
            Value indicating whether the browser supports Visual Basic Scripting edition (VBScript)
            </summary>
        </member>
        <member name="P:Microsoft.WebSolutionsPlatform.Event.WebpageEvent.Version">
            <summary>
            Full (integer and decimal) version number of the browser
            </summary>
        </member>
        <member name="P:Microsoft.WebSolutionsPlatform.Event.WebpageEvent.W3CDomVersion">
            <summary>
            Version of the World Wide Web Consortium (W3C) XML Document Object Model (DOM) 
            that the browser supports
            </summary>
        </member>
        <member name="P:Microsoft.WebSolutionsPlatform.Event.WebpageEvent.Win16">
            <summary>
            Value indicating whether the client is a Win16-based computer
            </summary>
        </member>
        <member name="P:Microsoft.WebSolutionsPlatform.Event.WebpageEvent.Win32">
            <summary>
            Value indicating whether the client is a Win32-based computer
            </summary>
        </member>
        <member name="P:Microsoft.WebSolutionsPlatform.Event.WebpageEvent.AnonymousId">
            <summary>
            AnonymousId
            </summary>
        </member>
        <member name="P:Microsoft.WebSolutionsPlatform.Event.WebpageEvent.SourceServer">
            <summary>
            SourceServer
            </summary>
        </member>
        <member name="P:Microsoft.WebSolutionsPlatform.Event.WebpageEvent.UriHash">
            <summary>
            UaBackgroundSounds
            </summary>
        </member>
        <member name="T:Microsoft.WebSolutionsPlatform.Event.Subscription">
            <summary>
            The Subscription class defines the subscription objects which are published 
            when an application subscribes to event types.
            </summary>
        </member>
        <member name="M:Microsoft.WebSolutionsPlatform.Event.Subscription.#ctor">
            <summary>
            Base constructor to create a new subscription event
            </summary>
        </member>
        <member name="M:Microsoft.WebSolutionsPlatform.Event.Subscription.GetObjectData(Microsoft.WebSolutionsPlatform.Event.SerializationData)">
            <summary>
            Used for event serialization.
            </summary>
            <param name="data">SerializationData object passed to store serialized object</param>
        </member>
        <member name="P:Microsoft.WebSolutionsPlatform.Event.Subscription.SubscriptionId">
            <summary>
            ID for subscription
            </summary>
        </member>
        <member name="P:Microsoft.WebSolutionsPlatform.Event.Subscription.SubscriptionEventType">
            <summary>
            Event registering/unregistering for
            </summary>
        </member>
        <member name="P:Microsoft.WebSolutionsPlatform.Event.Subscription.Subscribe">
            <summary>
            Subscribe is true; Unsubscribe is false
            </summary>
        </member>
        <member name="P:Microsoft.WebSolutionsPlatform.Event.Subscription.LocalOnly">
            <summary>
            Register for the event only on the local machine
            </summary>
        </member>
        <member name="T:Microsoft.WebSolutionsPlatform.Event.PropertyType">
            <summary>
            Defines the property types supported by the base event class.
            </summary>
        </member>
        <member name="F:Microsoft.WebSolutionsPlatform.Event.PropertyType.None">
            <summary>
            This property type will be ignored.
            </summary>
        </member>
        <member name="F:Microsoft.WebSolutionsPlatform.Event.PropertyType.Boolean">
            <summary>
            Boolean type
            </summary>
        </member>
        <member name="F:Microsoft.WebSolutionsPlatform.Event.PropertyType.Byte">
            <summary>
            byte type
            </summary>
        </member>
        <member name="F:Microsoft.WebSolutionsPlatform.Event.PropertyType.ByteArray">
            <summary>
            byte[] type
            </summary>
        </member>
        <member name="F:Microsoft.WebSolutionsPlatform.Event.PropertyType.Char">
            <summary>
            char type
            </summary>
        </member>
        <member name="F:Microsoft.WebSolutionsPlatform.Event.PropertyType.CharArray">
            <summary>
            char[] type
            </summary>
        </member>
        <member name="F:Microsoft.WebSolutionsPlatform.Event.PropertyType.Decimal">
            <summary>
            Decimal type
            </summary>
        </member>
        <member name="F:Microsoft.WebSolutionsPlatform.Event.PropertyType.Double">
            <summary>
            Double type
            </summary>
        </member>
        <member name="F:Microsoft.WebSolutionsPlatform.Event.PropertyType.Int16">
            <summary>
            Int16 type
            </summary>
        </member>
        <member name="F:Microsoft.WebSolutionsPlatform.Event.PropertyType.Int32">
            <summary>
            Int32 type
            </summary>
        </member>
        <member name="F:Microsoft.WebSolutionsPlatform.Event.PropertyType.Int64">
            <summary>
            Int64 type
            </summary>
        </member>
        <member name="F:Microsoft.WebSolutionsPlatform.Event.PropertyType.SByte">
            <summary>
            SByte type
            </summary>
        </member>
        <member name="F:Microsoft.WebSolutionsPlatform.Event.PropertyType.Single">
            <summary>
            Single type
            </summary>
        </member>
        <member name="F:Microsoft.WebSolutionsPlatform.Event.PropertyType.String">
            <summary>
            String type
            </summary>
        </member>
        <member name="F:Microsoft.WebSolutionsPlatform.Event.PropertyType.UInt16">
            <summary>
            UInt16 type
            </summary>
        </member>
        <member name="F:Microsoft.WebSolutionsPlatform.Event.PropertyType.UInt32">
            <summary>
            UInt32 type
            </summary>
        </member>
        <member name="F:Microsoft.WebSolutionsPlatform.Event.PropertyType.UInt64">
            <summary>
            UInt64 type
            </summary>
        </member>
        <member name="F:Microsoft.WebSolutionsPlatform.Event.PropertyType.Version">
            <summary>
            Version type
            </summary>
        </member>
        <member name="F:Microsoft.WebSolutionsPlatform.Event.PropertyType.DateTime">
            <summary>
            DateTime type
            </summary>
        </member>
        <member name="F:Microsoft.WebSolutionsPlatform.Event.PropertyType.Guid">
            <summary>
            Guid type
            </summary>
        </member>
        <member name="F:Microsoft.WebSolutionsPlatform.Event.PropertyType.Uri">
            <summary>
            Uri type
            </summary>
        </member>
        <member name="F:Microsoft.WebSolutionsPlatform.Event.PropertyType.IPAddress">
            <summary>
            IPAddress type
            </summary>
        </member>
        <member name="T:Microsoft.WebSolutionsPlatform.Event.SerializationData">
            <summary>
            This class is used to create and enumerate a serialized event object.
            </summary>
        </member>
        <member name="M:Microsoft.WebSolutionsPlatform.Event.SerializationData.#ctor">
            <summary>
            Constructor
            </summary>
        </member>
        <member name="M:Microsoft.WebSolutionsPlatform.Event.SerializationData.#ctor(System.Byte[])">
            <summary>
            Constructor which can load and parse a serialized event object. The properties can 
            then be enumerated with a foreach statement.
            </summary>
            <param name="inData">Serialized event object.</param>
        </member>
        <member name="M:Microsoft.WebSolutionsPlatform.Event.SerializationData.AddPrefix(System.Guid)">
            <summary>
            Adds a prefix to the SerializationData object.
            </summary>
            <param name="value">Value of the element being added</param>
        </member>
        <member name="M:Microsoft.WebSolutionsPlatform.Event.SerializationData.AddPrefix(System.String)">
            <summary>
            Adds a prefix to the SerializationData object.
            </summary>
            <param name="value">Value of the element being added</param>
        </member>
        <member name="M:Microsoft.WebSolutionsPlatform.Event.SerializationData.AddElement(System.String,System.Object)">
            <summary>
            Method to add element data to the SerializationData object.
            </summary>
            <param name="key">Key of the element being added</param>
            <param name="value">Value of the element being added</param>
        </member>
        <member name="M:Microsoft.WebSolutionsPlatform.Event.SerializationData.ResetStream">
            <summary>
            Resets the underlying memory stream.
            </summary>
        </member>
        <member name="M:Microsoft.WebSolutionsPlatform.Event.SerializationData.Reset">
            <summary>
            Method to set the enumerator to its initial position, before the first key/value pair 
            data in the SerializationData object.
            </summary>
        </member>
        <member name="M:Microsoft.WebSolutionsPlatform.Event.SerializationData.MoveNext">
            <summary>
            Method to move to the next key/value pair data in the SerializationData object.
            </summary>
        </member>
        <member name="M:Microsoft.WebSolutionsPlatform.Event.SerializationData.GetOriginatingRouterName">
            <summary>
            Returns the OriginatingRouterName for the Event
            </summary>
        </member>
        <member name="M:Microsoft.WebSolutionsPlatform.Event.SerializationData.GetInRouterName">
            <summary>
            Returns the InRouterName for the Event
            </summary>
        </member>
        <member name="M:Microsoft.WebSolutionsPlatform.Event.SerializationData.GetEventType">
            <summary>
            Returns the EventType for the Event
            </summary>
        </member>
        <member name="M:Microsoft.WebSolutionsPlatform.Event.SerializationData.GetEnumerator">
            <summary>
            Returns an enumerator for the object.
            </summary>
        </member>
        <member name="M:Microsoft.WebSolutionsPlatform.Event.SerializationData.System#Collections#IEnumerable#GetEnumerator">
            <summary>
            Returns an enumerator for the object.
            </summary>
        </member>
        <member name="M:Microsoft.WebSolutionsPlatform.Event.SerializationData.Dispose">
            <summary>
            Disposes of the object.
            </summary>
        </member>
        <member name="M:Microsoft.WebSolutionsPlatform.Event.SerializationData.Dispose(System.Boolean)">
            <summary>
            Disposes of the object.
            </summary>
        </member>
        <member name="M:Microsoft.WebSolutionsPlatform.Event.SerializationData.Finalize">
            <summary>
            Destructor
            </summary>
        </member>
        <member name="M:Microsoft.WebSolutionsPlatform.Event.SerializationData.ToString">
            <summary>
            Return the object as a string.
            </summary>
        </member>
        <member name="M:Microsoft.WebSolutionsPlatform.Event.SerializationData.ToBytes">
            <summary>
            Return the object as a byte array in UTF-8 format.
            </summary>
        </member>
        <member name="P:Microsoft.WebSolutionsPlatform.Event.SerializationData.Current">
            <summary>
            Current element in the SerializationData object.
            </summary>
        </member>
        <member name="P:Microsoft.WebSolutionsPlatform.Event.SerializationData.ReadMode">
            <summary>
            Identifies if object can be read.  When state changes to true, the position
            of the stream is reset.
            </summary>
        </member>
        <member name="P:Microsoft.WebSolutionsPlatform.Event.SerializationData.WriteMode">
            <summary>
            Identifies if object can be written.  When state changes to true, the position
            of the stream is set to the end.
            </summary>
        </member>
        <member name="P:Microsoft.WebSolutionsPlatform.Event.SerializationData.Length">
            <summary>
            Length of the SerializationData object
            </summary>
        </member>
        <member name="T:WspEvent.WspEvent">
            <summary>
              A strongly-typed resource class, for looking up localized strings, etc.
            </summary>
        </member>
        <member name="P:WspEvent.WspEvent.ResourceManager">
            <summary>
              Returns the cached ResourceManager instance used by this class.
            </summary>
        </member>
        <member name="P:WspEvent.WspEvent.Culture">
            <summary>
              Overrides the current thread's CurrentUICulture property for all
              resource lookups using this strongly typed resource class.
            </summary>
        </member>
        <member name="P:WspEvent.WspEvent.CannotDeserialize">
            <summary>
              Looks up a localized string similar to Cannot deserialize type of Value object.
            </summary>
        </member>
        <member name="P:WspEvent.WspEvent.CannotSerialize">
            <summary>
              Looks up a localized string similar to Cannot serialize type of Value object.
            </summary>
        </member>
        <member name="P:WspEvent.WspEvent.InReadState">
            <summary>
              Looks up a localized string similar to SerializationData object is in read state.
            </summary>
        </member>
        <member name="P:WspEvent.WspEvent.InWriteState">
            <summary>
              Looks up a localized string similar to SerializationData object is in write state.
            </summary>
        </member>
        <member name="P:WspEvent.WspEvent.MustBeInReadState">
            <summary>
              Looks up a localized string similar to SerializationData object must be in read state to reset.
            </summary>
        </member>
        <member name="P:WspEvent.WspEvent.MustBeInReadStateForToBytes">
            <summary>
              Looks up a localized string similar to SerializationData object must be in read state for ToBytes.
            </summary>
        </member>
        <member name="P:WspEvent.WspEvent.MustBeInReadStateForToString">
            <summary>
              Looks up a localized string similar to SerializationData object must be in read state for ToString.
            </summary>
        </member>
        <member name="P:WspEvent.WspEvent.UnknownType">
            <summary>
              Looks up a localized string similar to Unknown type for Value object.
            </summary>
        </member>
        <member name="T:Microsoft.WebSolutionsPlatform.Event.WspKeyValuePair`2">
            <summary>
            Structure which defines the WspKeyValuePair used by enumerating the data
            in a serialized object.
            </summary>
            <typeparam name="TypeKey"></typeparam>
            <typeparam name="TypeValue"></typeparam>
        </member>
        <member name="M:Microsoft.WebSolutionsPlatform.Event.WspKeyValuePair`2.#ctor(`0,`1)">
            <summary>
            Base constructor to create a new WspKeyValuePair
            </summary>
            <param name="key">Key of the struct</param>
            <param name="valueIn">Initial value of the struct</param>
        </member>
        <member name="P:Microsoft.WebSolutionsPlatform.Event.WspKeyValuePair`2.Key">
            <summary>
            Key of the struct
            </summary>
        </member>
        <member name="P:Microsoft.WebSolutionsPlatform.Event.WspKeyValuePair`2.ValueIn">
            <summary>
            ValueIn of the struct
            </summary>
        </member>
    </members>
</doc>
